Worker ID, File, Total Time (ms), lateFile?, totalSpans, parser nodes, typer nodes, LoC, LoC/s
2, target/scala-2.12/routes/main/app/Routes.scala, 21228, false, 2037, 59672, 97838, 8206, 387
3, app/models/messages/goodsitem/Package.scala, 3232, false, 210, 1311, 3102, 167, 52
0, app/models/messages/goodsitem/SpecialMention.scala, 3133, false, 238, 1493, 3456, 220, 70
1, app/models/messages/goodsitem/ProducedDocument.scala, 2886, false, 84, 446, 765, 35, 12
3, target/scala-2.12/routes/main/controllers/addItems/ReverseRoutes.scala, 2324, false, 328, 7641, 9492, 412, 177
4, target/scala-2.12/routes/main/controllers/traderDetails/ReverseRoutes.scala, 2212, false, 276, 5138, 6553, 413, 187
1, target/scala-2.12/routes/main/controllers/addItems/javascript/JavaScriptReverseRoutes.scala, 2190, false, 154, 4532, 5368, 525, 240
4, target/scala-2.12/routes/main/controllers/routeDetails/ReverseRoutes.scala, 2187, false, 162, 2952, 3723, 213, 97
7, app/models/PreviousDocumentTypeList.scala, 2040, false, 45, 45, 220, 6, 3
7, app/controllers/addItems/TotalNetMassController.scala, 1725, false, 87, 344, 624, 66, 38
2, app/models/journeyDomain/MovementDetails.scala, 1711, false, 138, 228, 1396, 55, 32
1, app/navigation/GoodsSummaryNavigator.scala, 1685, false, 90, 926, 1554, 92, 55
5, app/models/journeyDomain/RouteDetails.scala, 1610, false, 110, 235, 972, 46, 29
4, app/models/messages/Seal.scala, 1517, false, 47, 46, 228, 9, 6
1, app/controllers/guaranteeDetails/LiabilityAmountController.scala, 1497, false, 87, 320, 564, 65, 43
3, target/scala-2.12/routes/main/controllers/goodsSummary/ReverseRoutes.scala, 1441, false, 230, 4276, 5421, 328, 228
6, app/controllers/transportDetails/AddIdAtDepartureLaterController.scala, 1440, false, 68, 182, 277, 32, 22
3, app/utils/SectionsHelper.scala, 1386, false, 151, 2196, 4112, 274, 198
7, app/utils/AddItemsCheckYourAnswersHelper.scala, 1382, false, 112, 2094, 4645, 344, 249
0, target/scala-2.12/routes/main/controllers/traderDetails/javascript/JavaScriptReverseRoutes.scala, 1297, false, 147, 3278, 3663, 514, 396
0, app/models/messages/goodsitem/GoodsItem.scala, 1150, false, 213, 1294, 2631, 99, 86
5, app/pages/addItems/traderDetails/TraderDetailsConsigneeEoriKnownPage.scala, 1133, false, 47, 55, 238, 9, 8
6, target/scala-2.12/routes/main/controllers/transportDetails/ReverseRoutes.scala, 1099, false, 179, 3010, 3829, 247, 225
2, app/navigation/AddItemsNavigator.scala, 1096, false, 178, 2220, 3493, 189, 172
5, app/utils/AddSealHelper.scala, 1039, false, 54, 329, 681, 54, 52
4, app/controllers/traderDetails/AddConsigneeController.scala, 1029, false, 87, 338, 660, 67, 65
4, app/utils/MovementDetailsCheckYourAnswersHelper.scala, 1011, false, 51, 667, 1545, 115, 114
6, app/pages/addItems/DeclareMarkPage.scala, 1009, false, 53, 64, 285, 9, 9
0, app/controllers/addItems/TotalPiecesController.scala, 1002, false, 91, 352, 638, 69, 69
5, app/controllers/guaranteeDetails/DefaultAmountController.scala, 1002, false, 87, 338, 660, 67, 67
2, target/scala-2.12/routes/main/controllers/addItems/traderDetails/ReverseRoutes.scala, 994, false, 165, 3457, 4319, 205, 206
4, app/models/package.scala, 981, false, 84, 769, 1244, 114, 116
4, app/navigation/TraderDetailsNavigator.scala, 957, false, 101, 1104, 1773, 173, 181
7, app/models/messages/guarantee/GuaranteeReference.scala, 947, false, 107, 511, 1056, 47, 50
6, app/navigation/GuaranteeDetailsNavigator.scala, 934, false, 67, 799, 1371, 76, 81
4, app/models/messages/trader/TraderConsignee.scala, 911, false, 94, 546, 987, 41, 45
1, target/scala-2.12/routes/main/controllers/addItems/previousReferences/ReverseRoutes.scala, 901, false, 105, 2193, 2703, 105, 117
5, app/controllers/addItems/PackageTypeController.scala, 862, false, 101, 400, 737, 82, 95
6, target/scala-2.12/routes/main/controllers/movementDetails/ReverseRoutes.scala, 856, false, 141, 2294, 2917, 188, 220
1, app/controllers/addItems/traderDetails/TraderDetailsConsignorNameController.scala, 854, false, 91, 340, 599, 66, 77
7, app/models/package.scala, 852, false, 84, 769, 1244, 114, 134
0, target/scala-2.12/routes/main/controllers/guaranteeDetails/ReverseRoutes.scala, 844, false, 141, 2294, 2917, 188, 223
4, app/controllers/addItems/AddAnotherPackageController.scala, 826, false, 101, 493, 1036, 85, 103
5, app/controllers/traderDetails/ConsigneeAddressController.scala, 824, false, 101, 517, 1013, 97, 118
3, app/controllers/routeDetails/DestinationOfficeController.scala, 820, false, 106, 516, 930, 101, 123
7, target/scala-2.12/routes/main/controllers/addItems/previousReferences/javascript/JavaScriptReverseRoutes.scala, 813, false, 57, 1266, 1520, 129, 159
7, app/controllers/addItems/traderDetails/TraderDetailsConsigneeNameController.scala, 810, false, 91, 340, 599, 66, 81
5, app/utils/TraderDetailsCheckYourAnswersHelper.scala, 806, false, 71, 1355, 3068, 247, 306
7, app/controllers/transportDetails/ModeCrossingBorderController.scala, 795, false, 101, 389, 626, 76, 96
7, app/controllers/traderDetails/WhatIsPrincipalEoriController.scala, 791, false, 87, 320, 564, 65, 82
1, target/scala-2.12/routes/main/controllers/addItems/traderDetails/javascript/JavaScriptReverseRoutes.scala, 768, false, 85, 2066, 2416, 253, 329
5, app/utils/GoodsSummaryCheckYourAnswersHelper.scala, 765, false, 63, 897, 2071, 163, 213
1, target/scala-2.12/routes/main/controllers/goodsSummary/javascript/JavaScriptReverseRoutes.scala, 759, false, 125, 2706, 3045, 408, 538
4, app/controllers/addItems/traderDetails/TraderDetailsConsignorEoriKnownController.scala, 748, false, 91, 358, 695, 68, 91
1, app/controllers/addItems/previousReferences/AddExtraInformationController.scala, 741, false, 93, 384, 790, 74, 100
2, app/forms/PrincipalAddressFormProvider.scala, 727, false, 45, 123, 232, 26, 36
1, app/controllers/traderDetails/IsPrincipalEoriKnownController.scala, 700, false, 87, 338, 660, 67, 96
6, app/controllers/addItems/previousReferences/AddAdministrativeReferenceController.scala, 677, false, 94, 389, 792, 75, 111
6, app/controllers/movementDetails/PreLodgeDeclarationController.scala, 672, false, 89, 343, 674, 68, 101
4, app/controllers/goodsSummary/DeclarePackagesController.scala, 668, false, 87, 338, 660, 67, 100
5, app/controllers/traderDetails/PrincipalAddressController.scala, 665, false, 86, 380, 683, 75, 113
0, app/controllers/goodsSummary/ConfirmRemoveSealController.scala, 662, false, 108, 478, 775, 91, 137
0, app/models/package.scala, 661, false, 84, 769, 1244, 114, 172
5, app/controllers/movementDetails/RepresentativeCapacityController.scala, 659, false, 87, 334, 660, 67, 102
1, app/utils/package.scala, 657, false, 77, 478, 1073, 82, 125
7, app/controllers/traderDetails/WhatIsConsigneeEoriController.scala, 655, false, 87, 320, 564, 65, 99
1, app/models/package.scala, 651, false, 84, 769, 1244, 114, 175
1, app/controllers/transportDetails/ChangeAtBorderController.scala, 644, false, 87, 338, 660, 67, 104
7, app/controllers/traderDetails/ConsignorAddressController.scala, 642, false, 96, 457, 843, 91, 142
0, app/controllers/transportDetails/ModeAtBorderController.scala, 640, false, 101, 387, 626, 76, 119
4, app/controllers/traderDetails/AddConsignorController.scala, 639, false, 87, 338, 660, 67, 105
1, app/controllers/movementDetails/DeclarationTypeController.scala, 637, false, 87, 334, 652, 67, 105
5, app/controllers/addItems/DeclareMarkController.scala, 633, false, 91, 352, 638, 69, 109
0, app/controllers/routeDetails/AddAnotherTransitOfficeController.scala, 632, false, 97, 382, 721, 78, 123
6, app/models/UserAnswers.scala, 625, false, 104, 372, 935, 64, 102
0, app/models/messages/DeclarationRequest.scala, 622, false, 159, 515, 1630, 70, 113
5, app/models/package.scala, 621, false, 84, 769, 1244, 114, 184
7, app/controllers/addItems/traderDetails/TraderDetailsConsignorEoriNumberController.scala, 621, false, 91, 340, 599, 66, 106
5, app/controllers/addItems/traderDetails/TraderDetailsConsigneeEoriKnownController.scala, 617, false, 91, 358, 695, 68, 110
7, app/controllers/addItems/ItemDescriptionController.scala, 615, false, 87, 344, 624, 66, 107
2, app/filters/AllowlistFilter.scala, 605, false, 48, 110, 204, 28, 46
2, app/models/messages/Meta.scala, 603, false, 195, 1072, 1844, 89, 148
0, app/controllers/routeDetails/RouteDetailsCheckYourAnswersController.scala, 601, false, 98, 421, 753, 95, 158
7, app/controllers/goodsSummary/AuthorisedLocationCodeController.scala, 600, false, 87, 320, 564, 65, 108
1, app/controllers/traderDetails/IsConsignorEoriKnownController.scala, 594, false, 87, 338, 660, 67, 113
0, app/controllers/transportDetails/NationalityAtDepartureController.scala, 585, false, 101, 389, 626, 76, 130
5, app/models/messages/trader/TraderPrincipal.scala, 583, false, 156, 1031, 1902, 85, 146
0, app/controllers/goodsSummary/ControlResultDateLimitController.scala, 582, false, 89, 344, 644, 69, 119
5, app/controllers/guaranteeDetails/OtherReferenceLiabilityAmountController.scala, 582, false, 87, 320, 564, 65, 112
4, app/controllers/movementDetails/DeclarationForSomeoneElseController.scala, 579, false, 87, 338, 660, 67, 116
3, app/models/package.scala, 576, false, 84, 769, 1244, 114, 198
2, app/models/messages/Header.scala, 568, false, 266, 1916, 3560, 136, 239
0, target/scala-2.12/routes/main/controllers/routeDetails/javascript/JavaScriptReverseRoutes.scala, 561, false, 91, 1846, 2099, 266, 474
6, app/controllers/routeDetails/AddTransitOfficeController.scala, 559, false, 103, 440, 831, 78, 140
0, app/controllers/addItems/IsCommodityCodeKnownController.scala, 556, false, 87, 362, 720, 68, 122
0, app/controllers/goodsSummary/AddCustomsApprovedLocationController.scala, 556, false, 87, 338, 660, 67, 121
4, app/controllers/addItems/AddMarkController.scala, 555, false, 91, 370, 734, 71, 128
4, app/forms/mappings/Formatters.scala, 555, false, 113, 553, 808, 80, 144
7, app/controllers/transportDetails/AddIdAtDepartureController.scala, 554, false, 87, 338, 660, 67, 121
3, app/controllers/goodsSummary/AddSealsController.scala, 544, false, 87, 338, 660, 67, 123
1, app/controllers/goodsSummary/GoodsSummaryCheckYourAnswersController.scala, 540, false, 65, 169, 292, 34, 63
6, app/models/package.scala, 540, false, 84, 769, 1244, 114, 211
5, app/controllers/addItems/AddItemsSameConsignorForAllItemsController.scala, 538, false, 91, 355, 689, 68, 126
7, app/controllers/routeDetails/CountryOfDispatchController.scala, 536, false, 101, 389, 626, 76, 142
4, app/pages/guaranteeDetails/GuaranteeTypePage.scala, 535, false, 42, 258, 408, 41, 77
5, target/scala-2.12/routes/main/controllers/movementDetails/javascript/JavaScriptReverseRoutes.scala, 533, false, 84, 1478, 1647, 235, 441
0, app/controllers/addItems/previousReferences/PreviousReferenceController.scala, 522, false, 93, 355, 644, 70, 134
7, app/controllers/addItems/traderDetails/TraderDetailsConsignorAddressController.scala, 522, false, 91, 340, 599, 66, 126
0, app/controllers/addItems/AddAnotherItemController.scala, 519, false, 99, 404, 737, 73, 141
5, app/controllers/traderDetails/ConsigneeNameController.scala, 513, false, 87, 320, 564, 65, 127
6, app/controllers/traderDetails/ConsignorNameController.scala, 510, false, 87, 320, 564, 65, 127
7, app/controllers/addItems/traderDetails/TraderDetailsConsigneeEoriNumberController.scala, 510, false, 91, 340, 599, 66, 129
0, app/utils/RouteDetailsCheckYourAnswersHelper.scala, 507, false, 74, 971, 2024, 154, 304
3, app/controllers/addItems/ConfirmRemoveItemController.scala, 507, false, 95, 372, 729, 76, 150
7, app/navigation/PreTaskListNavigator.scala, 504, false, 43, 114, 268, 17, 34
6, app/controllers/goodsSummary/SealIdDetailsController.scala, 497, false, 99, 388, 624, 68, 137
5, app/controllers/guaranteeDetails/AccessCodeController.scala, 495, false, 87, 320, 564, 65, 131
1, app/controllers/transportDetails/NationalityCrossingBorderController.scala, 493, false, 101, 389, 626, 76, 154
1, app/models/reference/CustomsOffice.scala, 493, false, 71, 68, 645, 6, 12
1, target/scala-2.12/routes/main/controllers/transportDetails/javascript/JavaScriptReverseRoutes.scala, 491, false, 104, 1939, 2159, 310, 631
1, app/controllers/addItems/HowManyPackagesController.scala, 489, false, 91, 352, 638, 69, 141
5, app/controllers/movementDetails/DeclarationPlaceController.scala, 487, false, 87, 320, 564, 65, 133
0, app/controllers/addItems/CommodityCodeController.scala, 485, false, 87, 348, 628, 66, 136
7, app/controllers/routeDetails/DestinationCountryController.scala, 481, false, 101, 389, 626, 76, 158
5, app/controllers/addItems/traderDetails/TraderDetailsConsigneeAddressController.scala, 480, false, 91, 340, 599, 66, 138
5, app/viewModels/TransportDetailsCheckYourAnswersViewModel.scala, 480, false, 59, 154, 322, 33, 69
3, app/forms/mappings/LocalDateFormatter.scala, 478, false, 75, 426, 655, 64, 134
6, app/controllers/routeDetails/ConfirmRemoveOfficeOfTransitController.scala, 477, false, 111, 493, 789, 93, 195
0, app/controllers/movementDetails/ContainersUsedPageController.scala, 476, false, 87, 338, 660, 67, 141
7, app/controllers/movementDetails/RepresentativeNameController.scala, 476, false, 87, 320, 564, 65, 137
3, app/controllers/transportDetails/IdAtDepartureController.scala, 474, false, 87, 320, 564, 65, 137
3, app/repositories/SessionCollectionIndexManager.scala, 473, false, 50, 119, 206, 30, 63
6, app/controllers/addItems/AddTotalNetMassController.scala, 472, false, 87, 369, 727, 68, 144
0, app/pages/AddSecurityDetailsPage.scala, 470, false, 31, 30, 87, 6, 13
0, app/controllers/guaranteeDetails/GuaranteeReferenceController.scala, 468, false, 91, 368, 636, 74, 158
4, app/models/GuaranteeType.scala, 468, false, 69, 419, 1158, 74, 158
7, app/controllers/traderDetails/TraderDetailsCheckYourAnswersController.scala, 464, false, 69, 222, 371, 58, 125
3, app/controllers/transportDetails/InlandModeController.scala, 461, false, 101, 389, 626, 76, 165
7, app/utils/package.scala, 461, false, 77, 478, 1073, 82, 178
5, app/connectors/ReferenceDataConnector.scala, 460, false, 82, 376, 762, 46, 100
4, app/forms/OtherReferenceLiabilityAmountFormProvider.scala, 457, false, 34, 66, 105, 16, 35
6, app/models/ConsignorAddress.scala, 456, false, 72, 60, 619, 7, 15
5, app/viewModels/DateTimeInput.scala, 453, false, 115, 487, 1500, 83, 183
1, app/controllers/goodsSummary/TotalGrossMassController.scala, 448, false, 87, 320, 564, 65, 145
0, app/controllers/traderDetails/ConsignorEoriController.scala, 447, false, 87, 320, 564, 65, 145
6, app/utils/TransportDetailsCheckYourAnswersHelper.scala, 443, false, 69, 913, 2018, 148, 334
6, app/controllers/goodsSummary/ConfirmRemoveSealsController.scala, 442, false, 86, 316, 630, 63, 143
3, app/controllers/routeDetails/ArrivalTimesAtOfficeController.scala, 441, false, 106, 485, 761, 89, 202
6, app/controllers/ProcedureTypeController.scala, 441, false, 87, 333, 659, 67, 152
5, app/controllers/traderDetails/IsConsigneeEoriKnownController.scala, 439, false, 87, 338, 660, 67, 153
0, target/scala-2.12/routes/main/controllers/guaranteeDetails/javascript/JavaScriptReverseRoutes.scala, 438, false, 84, 1478, 1647, 235, 537
6, app/controllers/traderDetails/ConsigneeForAllItemsController.scala, 438, false, 89, 341, 669, 68, 155
4, app/pages/ConfirmRemoveSealsPage.scala, 435, false, 38, 80, 141, 17, 39
4, app/models/reference/TransportMode.scala, 433, false, 57, 48, 463, 6, 14
7, app/forms/DeclarePackagesFormProvider.scala, 433, false, 32, 36, 53, 10, 23
4, app/connectors/DepartureMovementConnector.scala, 428, false, 45, 91, 112, 13, 30
7, app/repositories/SessionRepository.scala, 420, false, 54, 178, 339, 35, 83
0, app/navigation/MovementDetailsNavigator.scala, 413, false, 55, 363, 668, 38, 92
2, app/models/messages/customsoffice/CustomsOfficeTransit.scala, 411, false, 64, 256, 518, 26, 63
5, app/controllers/AddSecurityDetailsController.scala, 410, false, 87, 337, 659, 67, 163
2, app/controllers/transportDetails/IdCrossingBorderController.scala, 405, false, 87, 320, 564, 65, 160
4, app/controllers/guaranteeDetails/GuaranteeDetailsCheckYourAnswersController.scala, 404, false, 65, 169, 292, 34, 84
7, app/controllers/DeclarationSummaryController.scala, 398, false, 66, 164, 273, 30, 75
2, app/models/package.scala, 395, false, 84, 769, 1244, 114, 289
5, app/controllers/IndexController.scala, 394, false, 47, 80, 112, 18, 46
5, app/utils/package.scala, 393, false, 77, 478, 1073, 82, 209
6, app/controllers/traderDetails/PrincipalNameController.scala, 393, false, 87, 320, 564, 65, 165
2, app/controllers/SessionExpiredController.scala, 392, false, 47, 80, 112, 18, 46
6, app/utils/package.scala, 391, false, 77, 478, 1073, 82, 210
7, app/controllers/TechnicalDifficultiesController.scala, 386, false, 55, 111, 170, 25, 65
7, app/controllers/UnauthorisedController.scala, 385, false, 47, 80, 112, 18, 47
2, app/controllers/addItems/previousReferences/ReferenceTypeController.scala, 383, false, 103, 425, 843, 87, 227
0, app/controllers/goodsSummary/SealsInformationController.scala, 379, false, 98, 430, 796, 81, 214
6, target/scala-2.12/routes/main/testOnlyDoNotUseInAppConf/Routes.scala, 378, false, 53, 216, 310, 34, 90
6, app/controllers/transportDetails/TransportDetailsCheckYourAnswersController.scala, 371, false, 70, 197, 346, 42, 113
3, app/controllers/traderDetails/ConsignorForAllItemsController.scala, 370, false, 89, 341, 669, 68, 184
5, app/models/messages/customsoffice/CustomsOfficeDestination.scala, 368, false, 49, 153, 341, 15, 41
4, app/controllers/CheckYourAnswersController.scala, 355, false, 62, 147, 224, 33, 93
3, app/controllers/addItems/AddItemsSameConsigneeForAllItemsController.scala, 351, false, 91, 355, 689, 68, 194
4, app/utils/package.scala, 347, false, 77, 478, 1073, 82, 236
0, app/utils/package.scala, 346, false, 77, 478, 1073, 82, 237
5, app/utils/GuaranteeDetailsCheckYourAnswersHelper.scala, 340, false, 54, 698, 1611, 131, 385
4, app/models/RepresentativeCapacity.scala, 336, false, 47, 138, 309, 23, 68
2, target/scala-2.12/routes/main/controllers/ReverseRoutes.scala, 335, false, 125, 1204, 1477, 145, 433
3, app/controllers/goodsSummary/TotalPackagesController.scala, 334, false, 87, 320, 564, 65, 195
3, app/utils/package.scala, 327, false, 77, 478, 1073, 82, 251
5, app/repositories/SessionCollection.scala, 325, false, 43, 83, 93, 13, 40
3, app/controllers/guaranteeDetails/GuaranteeTypeController.scala, 322, false, 87, 336, 665, 67, 208
3, app/controllers/guaranteeDetails/OtherReferenceController.scala, 319, false, 87, 320, 564, 65, 204
0, app/forms/mappings/Constraints.scala, 317, false, 122, 620, 869, 128, 404
6, app/controllers/movementDetails/MovementDetailsCheckYourAnswersController.scala, 312, false, 69, 204, 353, 49, 157
4, app/controllers/LanguageSwitchController.scala, 310, false, 51, 106, 133, 21, 68
7, app/utils/BigDecimalXMLReader.scala, 308, false, 49, 73, 282, 13, 42
2, app/controllers/addItems/DeclareNumberOfPackagesController.scala, 307, false, 91, 360, 688, 69, 225
3, target/scala-2.12/routes/main/prod/Routes.scala, 305, false, 62, 379, 543, 62, 203
6, app/controllers/LocalReferenceNumberController.scala, 305, false, 83, 277, 423, 60, 197
1, app/pages/addItems/traderDetails/TraderDetailsConsignorEoriNumberPage.scala, 301, false, 47, 55, 238, 9, 30
6, app/controllers/goodsSummary/AddSealsLaterController.scala, 298, false, 67, 176, 271, 30, 101
3, app/navigation/RouteDetailsNavigator.scala, 296, false, 65, 379, 694, 72, 243
3, app/controllers/goodsSummary/CustomsApprovedLocationController.scala, 294, false, 87, 320, 564, 65, 221
4, app/models/messages/InterchangeControlReference.scala, 294, false, 78, 195, 651, 28, 95
1, app/repositories/InterchangeControlReferenceIdRepository.scala, 292, false, 51, 170, 327, 34, 116
4, app/json/package.scala, 287, false, 47, 125, 253, 21, 73
3, app/forms/mappings/LocalDateTimeFormatter.scala, 286, false, 107, 763, 1145, 111, 388
7, target/scala-2.12/routes/main/controllers/javascript/JavaScriptReverseRoutes.scala, 285, false, 104, 954, 1033, 209, 733
4, app/pages/IsConsignorEoriKnownPage.scala, 283, false, 37, 86, 147, 17, 60
2, app/controllers/actions/IdentifierAction.scala, 281, false, 65, 250, 410, 42, 149
2, app/controllers/addItems/ItemTotalGrossMassController.scala, 279, false, 87, 344, 624, 66, 237
2, app/controllers/addItems/ItemsCheckYourAnswersController.scala, 275, false, 66, 173, 296, 34, 124
2, app/models/SectionDetails.scala, 260, false, 59, 54, 441, 6, 23
1, app/models/messages/goodsitem/TraderConsigneeGoodsItem.scala, 259, false, 94, 546, 987, 41, 158
0, app/utils/CheckYourAnswersHelper.scala, 256, false, 42, 226, 482, 40, 156
2, app/navigation/TransportDetailsNavigator.scala, 253, false, 76, 672, 1146, 109, 431
2, app/models/EoriNumber.scala, 250, false, 45, 59, 254, 7, 28
1, app/pages/PackageTypePage.scala, 223, false, 62, 158, 425, 22, 99
2, app/models/messages/trader/TraderConsignor.scala, 221, false, 94, 546, 987, 41, 186
2, app/controllers/routeDetails/OfficeOfDepartureController.scala, 220, false, 95, 368, 706, 78, 355
0, app/models/ConsigneeAddress.scala, 213, false, 72, 60, 619, 7, 33
1, app/models/messages/Representative.scala, 213, false, 67, 303, 571, 26, 122
0, app/forms/InlandModeFormProvider.scala, 212, false, 40, 92, 107, 14, 66
5, app/models/LocalReferenceNumber.scala, 210, false, 65, 177, 409, 30, 143
5, app/models/PackageTypeList.scala, 207, false, 42, 91, 94, 14, 68
5, app/utils/NonEmptyListXMLReader.scala, 204, false, 51, 86, 360, 15, 74
0, app/models/messages/ControlResult.scala, 203, false, 65, 244, 510, 23, 113
2, app/handlers/ErrorHandler.scala, 203, false, 74, 356, 693, 72, 355
2, app/models/XMLReads.scala, 197, false, 96, 375, 865, 58, 294
3, app/pages/addItems/DeclareNumberOfPackagesPage.scala, 194, false, 59, 119, 355, 20, 103
0, app/models/reference/Country.scala, 193, false, 57, 48, 454, 6, 31
4, app/pages/addItems/TotalPiecesPage.scala, 190, false, 53, 64, 285, 9, 47
3, app/models/XMLWrites.scala, 188, false, 58, 96, 157, 14, 74
1, app/models/messages/goodsitem/PreviousAdministrativeReference.scala, 187, false, 82, 428, 747, 31, 166
5, app/viewModels/GoodsSummaryCheckYourAnswersViewModel.scala, 187, false, 62, 174, 367, 37, 198
0, app/pages/addItems/AddExtraInformationPage.scala, 185, false, 53, 64, 285, 9, 49
2, app/models/messages/goodsitem/TraderConsignorGoodsItem.scala, 184, false, 94, 546, 987, 41, 223
2, app/models/reference/PackageType.scala, 184, false, 63, 74, 520, 9, 49
0, app/models/DeclarationType.scala, 183, false, 49, 183, 490, 28, 153
2, app/models/messages/Seals.scala, 180, false, 68, 362, 667, 31, 172
4, app/config/Service.scala, 179, false, 73, 149, 443, 24, 134
3, app/viewModels/AddItemsCheckYourAnswersViewModel.scala, 177, false, 49, 138, 342, 34, 192
0, app/config/FrontendAppConfig.scala, 170, false, 68, 238, 383, 35, 206
6, app/forms/NationalityCrossingBorderFormProvider.scala, 169, false, 40, 95, 110, 14, 83
4, app/models/LocalDateTimeWithAMPM.scala, 168, false, 58, 50, 464, 7, 42
6, app/forms/DestinationCountryFormProvider.scala, 167, false, 40, 95, 110, 14, 84
1, app/utils/BinaryToBooleanXMLReader.scala, 165, false, 48, 72, 281, 13, 79
4, app/pages/addItems/traderDetails/TraderDetailsConsigneeNamePage.scala, 165, false, 47, 55, 238, 9, 55
0, app/models/requests/IdentifierRequest.scala, 164, false, 50, 45, 228, 4, 24
3, app/models/reference/OfficeOfTransit.scala, 164, false, 53, 48, 410, 6, 37
7, app/forms/ConsigneeAddressFormProvider.scala, 162, false, 49, 177, 294, 27, 167
6, app/models/domain/SealDomain.scala, 161, false, 67, 99, 457, 16, 99
5, app/pages/PreviousReferencePage.scala, 159, false, 52, 61, 281, 8, 50
1, app/models/messages/trader/TraderAuthorisedConsignee.scala, 157, false, 49, 153, 341, 15, 96
0, app/forms/guaranteeDetails/GuaranteeTypeFormProvider.scala, 156, false, 33, 41, 62, 11, 71
1, app/controllers/actions/DataRequiredAction.scala, 153, false, 42, 104, 122, 18, 118
5, app/models/reference/PreviousDocumentType.scala, 153, false, 56, 48, 459, 7, 46
3, app/models/messages/guarantee/Guarantee.scala, 152, false, 87, 286, 628, 39, 257
5, app/models/journeyDomain/package.scala, 151, false, 54, 106, 116, 14, 93
1, app/forms/ItemTotalGrossMassFormProvider.scala, 148, false, 36, 86, 146, 21, 142
3, app/forms/LiabilityAmountFormProvider.scala, 148, false, 34, 65, 104, 16, 108
2, app/models/messages/goodsitem/SensitiveGoodsInformation.scala, 147, false, 67, 259, 551, 29, 197
5, app/forms/ConsigneeForAllItemsFormProvider.scala, 146, false, 32, 36, 53, 10, 68
1, app/models/Mode.scala, 141, false, 44, 102, 244, 18, 128
5, app/viewModels/GuaranteeDetailsCheckYourAnswersViewModel.scala, 140, false, 56, 125, 299, 28, 200
4, app/filters/SessionIdFilter.scala, 137, false, 58, 206, 267, 39, 285
1, app/forms/addItems/traderDetails/TraderDetailsConsigneeNameFormProvider.scala, 136, false, 32, 44, 60, 11, 81
2, app/controllers/AccessibilityController.scala, 133, false, 47, 80, 112, 18, 135
5, app/models/reference/CountryCode.scala, 133, false, 53, 108, 316, 16, 120
3, target/scala-2.12/routes/main/app/RoutesPrefix.scala, 132, false, 37, 31, 52, 10, 76
5, app/repositories/SimpleMongoIndexConfig.scala, 126, false, 43, 125, 179, 35, 278
5, app/pages/SealIdDetailsPage.scala, 124, false, 47, 48, 224, 9, 73
2, app/models/PrincipalAddress.scala, 122, false, 72, 69, 576, 11, 90
5, app/models/MongoDateTimeFormats.scala, 122, false, 39, 89, 134, 16, 131
6, app/models/messages/package.scala, 122, false, 33, 36, 43, 6, 49
2, app/queries/SealsQuery.scala, 121, false, 39, 35, 157, 7, 58
7, app/pages/ProcedureTypePage.scala, 118, false, 38, 73, 132, 15, 127
5, app/forms/NationalityAtDepartureFormProvider.scala, 117, false, 40, 95, 110, 14, 120
5, app/pages/addItems/traderDetails/TraderDetailsConsignorNamePage.scala, 117, false, 47, 55, 238, 9, 77
6, app/forms/ConsignorEoriFormProvider.scala, 117, false, 39, 69, 108, 18, 154
2, app/navigation/Navigator.scala, 112, false, 41, 144, 132, 26, 232
7, app/forms/ControlResultDateLimitFormProvider.scala, 112, false, 38, 86, 117, 22, 196
0, app/models/journeyDomain/UserAnswersParser.scala, 109, false, 62, 154, 122, 19, 174
7, app/models/Sections.scala, 109, false, 41, 23, 199, 2, 18
7, app/pages/CountryOfDispatchPage.scala, 108, false, 32, 33, 90, 7, 65
4, app/pages/ChangeAtBorderPage.scala, 107, false, 39, 97, 164, 18, 168
0, app/forms/HowManyPackagesFormProvider.scala, 106, false, 32, 45, 65, 11, 104
0, app/models/Index.scala, 106, false, 53, 119, 315, 16, 151
4, app/forms/movementDetails/PreLodgeDeclarationFormProvider.scala, 105, false, 32, 37, 54, 10, 95
4, app/models/OfficeOfTransitList.scala, 103, false, 45, 45, 220, 6, 58
5, app/models/Status.scala, 103, false, 39, 84, 287, 13, 126
1, app/forms/ConsignorNameFormProvider.scala, 102, false, 37, 62, 95, 18, 176
1, app/pages/addItems/AddItemsSameConsignorForAllItemsPage.scala, 102, false, 47, 51, 231, 9, 88
4, app/forms/CountryOfDispatchFormProvider.scala, 102, false, 40, 95, 110, 14, 137
1, app/pages/ItemTotalGrossMassPage.scala, 101, false, 46, 48, 227, 8, 79
4, app/pages/NationalityCrossingBorderPage.scala, 101, false, 32, 33, 90, 7, 69
5, app/models/ProcedureType.scala, 101, false, 47, 138, 309, 23, 228
6, app/forms/WhatIsPrincipalEoriFormProvider.scala, 99, false, 39, 69, 108, 18, 182
4, app/models/domain/NetMass.scala, 98, false, 66, 74, 295, 18, 184
2, app/pages/addItems/AddMarkPage.scala, 96, false, 57, 99, 326, 15, 156
3, app/viewModels/sections/Section.scala, 96, false, 59, 132, 401, 16, 167
5, app/controllers/actions/DataRetrievalAction.scala, 96, false, 58, 143, 144, 27, 281
1, app/pages/addItems/ReferenceTypePage.scala, 94, false, 53, 64, 285, 9, 96
2, app/config/Module.scala, 94, false, 34, 189, 167, 22, 234
4, app/forms/addItems/traderDetails/TraderDetailsConsignorEoriNumberFormProvider.scala, 94, false, 32, 44, 60, 11, 117
2, app/models/requests/DataRequest.scala, 93, false, 80, 97, 507, 5, 54
4, app/repositories/RepositoryModule.scala, 91, false, 32, 46, 60, 10, 110
7, app/pages/addItems/traderDetails/TraderDetailsConsigneeEoriNumberPage.scala, 89, false, 47, 55, 238, 9, 101
6, app/pages/AddTotalNetMassPage.scala, 86, false, 50, 85, 264, 14, 163
1, app/pages/IdCrossingBorderPage.scala, 85, false, 31, 30, 87, 6, 71
2, app/pages/InlandModePage.scala, 85, false, 31, 30, 87, 6, 71
3, app/forms/ConsignorAddressFormProvider.scala, 85, false, 49, 177, 294, 27, 318
0, app/pages/PrincipalNamePage.scala, 84, false, 31, 30, 87, 6, 71
0, app/pages/IsPrincipalEoriKnownPage.scala, 82, false, 37, 86, 147, 17, 207
7, app/forms/ModeAtBorderFormProvider.scala, 82, false, 40, 92, 107, 14, 171
0, app/pages/AddAnotherTransitOfficePage.scala, 80, false, 47, 61, 233, 11, 138
0, app/pages/ArrivalTimesAtOfficePage.scala, 80, false, 47, 61, 233, 11, 138
4, app/forms/SealIdDetailsFormProvider.scala, 80, false, 42, 83, 131, 21, 263
6, app/queries/ItemsQuery.scala, 80, false, 45, 42, 219, 7, 88
4, app/models/Enumerable.scala, 79, false, 55, 156, 193, 28, 354
1, app/models/messages/package.scala, 78, false, 33, 36, 43, 6, 77
7, app/forms/TotalGrossMassFormProvider.scala, 78, false, 34, 65, 113, 18, 231
7, app/forms/guaranteeDetails/GuaranteeReferenceFormProvider.scala, 76, false, 35, 64, 87, 17, 224
7, app/derivable/DeriveNumberOfOfficeOfTransits.scala, 76, false, 34, 48, 102, 7, 92
0, app/forms/ItemDescriptionFormProvider.scala, 74, false, 37, 72, 103, 17, 230
1, target/scala-2.12/routes/main/prod/RoutesPrefix.scala, 74, false, 37, 31, 52, 10, 135
3, app/forms/mappings/Mappings.scala, 74, false, 86, 220, 322, 46, 622
1, app/pages/TotalNetMassPage.scala, 73, false, 46, 48, 227, 8, 110
3, app/pages/addItems/AddItemsSameConsigneeForAllItemsPage.scala, 73, false, 47, 51, 231, 9, 123
6, app/forms/AddConsignorFormProvider.scala, 73, false, 32, 36, 53, 10, 137
6, app/utils/Format.scala, 73, false, 58, 130, 179, 20, 274
5, app/forms/RepresentativeNameFormProvider.scala, 72, false, 37, 62, 95, 18, 250
1, app/forms/AddAnotherTransitOfficeFormProvider.scala, 71, false, 39, 83, 98, 14, 197
3, app/models/messages/customsoffice/CustomsOfficeDeparture.scala, 71, false, 49, 153, 341, 15, 211
0, app/renderer/Renderer.scala, 70, false, 58, 167, 281, 24, 343
2, app/pages/TotalPackagesPage.scala, 69, false, 31, 30, 87, 6, 87
5, app/forms/OtherReferenceFormProvider.scala, 69, false, 38, 68, 104, 18, 261
7, app/pages/addItems/traderDetails/TraderDetailsConsignorAddressPage.scala, 69, false, 47, 55, 238, 9, 130
4, app/forms/TotalNetMassFormProvider.scala, 68, false, 36, 86, 146, 21, 309
4, app/forms/addItems/traderDetails/TraderDetailsConsigneeAddressFormProvider.scala, 68, false, 32, 44, 60, 11, 162
5, app/forms/PackageTypeFormProvider.scala, 68, false, 40, 92, 107, 14, 206
5, app/pages/AuthorisedLocationCodePage.scala, 68, false, 31, 30, 87, 6, 88
6, app/pages/addItems/traderDetails/TraderDetailsConsigneeAddressPage.scala, 68, false, 47, 55, 238, 9, 132
1, app/queries/OfficeOfTransitQuery.scala, 67, false, 45, 42, 219, 7, 104
6, app/forms/ConfirmRemoveSealFormProvider.scala, 64, false, 34, 48, 76, 11, 172
7, app/forms/ConsigneeNameFormProvider.scala, 64, false, 37, 62, 95, 18, 281
6, app/pages/addItems/CommodityCodePage.scala, 63, false, 47, 51, 231, 9, 143
7, app/forms/DestinationOfficeFormProvider.scala, 63, false, 40, 89, 107, 14, 222
2, app/models/journeyDomain/package.scala, 62, false, 54, 106, 116, 14, 226
5, app/pages/DeclarationPlacePage.scala, 62, false, 31, 30, 87, 6, 97
2, app/forms/WhatIsConsigneeEoriFormProvider.scala, 61, false, 39, 69, 108, 18, 295
4, app/pages/IsCommodityCodeKnownPage.scala, 61, false, 51, 88, 269, 17, 279
4, app/forms/AddAdministrativeReferenceFormProvider.scala, 61, false, 32, 36, 53, 10, 164
1, app/forms/TotalPiecesFormProvider.scala, 60, false, 32, 45, 65, 11, 183
1, app/pages/addItems/AddAnotherPackagePage.scala, 60, false, 53, 64, 285, 9, 150
3, app/connectors/package.scala, 60, false, 37, 49, 56, 8, 133
3, app/pages/addItems/AddAdministrativeReferencePage.scala, 60, false, 53, 64, 285, 9, 150
3, app/forms/addItems/traderDetails/TraderDetailsConsignorEoriKnownFormProvider.scala, 60, false, 32, 38, 55, 10, 167
4, app/pages/DeclarePackagesPage.scala, 60, false, 36, 67, 122, 13, 217
7, app/forms/AddTransitOfficeFormProvider.scala, 60, false, 32, 36, 53, 10, 167
0, app/pages/AddCustomsApprovedLocationPage.scala, 59, false, 36, 67, 122, 13, 220
0, app/forms/IdCrossingBorderFormProvider.scala, 59, false, 37, 62, 95, 17, 288
3, app/pages/OtherReferenceLiabilityAmountPage.scala, 59, false, 31, 30, 87, 6, 102
4, app/models/TransportModeList.scala, 59, false, 45, 45, 220, 6, 102
7, app/models/messages/customsoffice/CustomsOffice.scala, 59, false, 34, 28, 42, 7, 119
0, app/forms/addItems/traderDetails/TraderDetailsConsignorAddressFormProvider.scala, 58, false, 32, 44, 60, 11, 190
4, app/pages/addItems/AddAnotherItemPage.scala, 58, false, 32, 33, 91, 7, 121
5, app/forms/AddIdAtDepartureFormProvider.scala, 58, false, 32, 36, 53, 10, 172
6, app/pages/ItemDescriptionPage.scala, 58, false, 46, 48, 227, 8, 138
6, app/pages/DeclarationTypePage.scala, 58, false, 32, 32, 89, 7, 121
7, app/forms/CustomsApprovedLocationFormProvider.scala, 58, false, 37, 62, 95, 16, 276
1, app/forms/AuthorisedLocationCodeFormProvider.scala, 57, false, 37, 62, 95, 16, 281
1, app/forms/AddCustomsApprovedLocationFormProvider.scala, 57, false, 32, 36, 53, 10, 175
6, app/forms/addItems/ConfirmRemoveItemFormProvider.scala, 57, false, 32, 37, 54, 10, 175
6, app/pages/AddConsigneePage.scala, 56, false, 39, 97, 164, 18, 321
0, app/models/journeyDomain/package.scala, 55, false, 54, 106, 116, 14, 255
4, app/forms/addItems/CommodityCodeFormProvider.scala, 55, false, 39, 80, 117, 21, 382
0, app/forms/AddSecurityDetailsFormProvider.scala, 54, false, 32, 36, 53, 10, 185
4, app/pages/ConsignorAddressPage.scala, 53, false, 32, 32, 89, 7, 132
7, app/forms/IsCommodityCodeKnownFormProvider.scala, 53, false, 34, 46, 64, 11, 208
1, app/forms/ReferenceTypeFormProvider.scala, 52, false, 39, 83, 98, 14, 269
2, app/forms/mappings/StringEquivalence.scala, 52, false, 67, 155, 174, 14, 269
5, app/forms/DeclarationForSomeoneElseFormProvider.scala, 52, false, 32, 36, 53, 10, 192
0, app/forms/ConfirmRemoveSealsFormProvider.scala, 51, false, 32, 36, 53, 10, 196
0, app/pages/IsConsigneeEoriKnownPage.scala, 51, false, 37, 86, 147, 17, 333
7, app/forms/addItems/AddItemsSameConsigneeForAllItemsFormProvider.scala, 51, false, 32, 37, 54, 10, 196
4, app/forms/DeclarationPlaceFormProvider.scala, 50, false, 37, 62, 95, 17, 340
1, app/forms/AddConsigneeFormProvider.scala, 48, false, 32, 36, 53, 10, 208
2, app/pages/addItems/traderDetails/TraderDetailsConsignorEoriKnownPage.scala, 48, false, 47, 55, 238, 9, 188
3, app/repositories/InterchangeControlReferenceCollection.scala, 48, false, 43, 83, 93, 14, 292
4, app/pages/movementDetails/PreLodgeDeclarationPage.scala, 48, false, 32, 33, 91, 7, 146
6, app/models/CountryList.scala, 48, false, 42, 91, 94, 14, 292
1, app/pages/ModeCrossingBorderPage.scala, 47, false, 35, 78, 135, 12, 255
0, target/scala-2.12/routes/main/com/kenshoo/play/metrics/javascript/JavaScriptReverseRoutes.scala, 46, false, 35, 66, 66, 18, 391
1, app/models/LanguageCode.scala, 46, false, 32, 20, 28, 7, 152
2, app/pages/addItems/HowManyPackagesPage.scala, 46, false, 53, 64, 285, 9, 196
2, app/forms/ModeCrossingBorderFormProvider.scala, 45, false, 40, 92, 107, 14, 311
5, app/pages/AddConsignorPage.scala, 45, false, 39, 101, 168, 18, 400
7, app/forms/ContainersUsedPageFormProvider.scala, 45, false, 32, 36, 53, 10, 222
1, app/forms/TotalPackagesFormProvider.scala, 44, false, 34, 52, 72, 14, 318
1, app/derivable/DeriveNumberOfPackages.scala, 44, false, 48, 63, 238, 8, 182
7, app/pages/AddSealsLaterPage.scala, 43, false, 28, 14, 70, 2, 47
7, app/pages/ConsigneeAddressPage.scala, 43, false, 32, 32, 89, 7, 163
1, app/pages/LocalReferenceNumberPage.scala, 42, false, 28, 14, 70, 2, 48
5, app/pages/ConfirmRemoveOfficeOfTransitPage.scala, 42, false, 31, 30, 87, 6, 143
7, app/forms/DeclarationTypeFormProvider.scala, 42, false, 33, 40, 61, 11, 262
2, app/derivable/DeriveNumberOfSeals.scala, 41, false, 42, 51, 170, 8, 195
3, app/pages/TotalGrossMassPage.scala, 41, false, 31, 30, 87, 6, 146
6, app/forms/PreviousReferenceFormProvider.scala, 41, false, 37, 62, 95, 19, 463
7, app/forms/addItems/AddTotalNetMassFormProvider.scala, 41, false, 34, 47, 65, 11, 268
0, app/models/CustomsOfficeList.scala, 40, false, 44, 54, 218, 7, 175
1, app/forms/AddExtraInformationFormProvider.scala, 40, false, 32, 36, 53, 10, 250
3, app/pages/DeclarationForSomeoneElsePage.scala, 40, false, 37, 77, 136, 16, 400
6, app/forms/addItems/AddItemsSameConsignorForAllItemsFormProvider.scala, 40, false, 32, 37, 54, 10, 250
3, app/models/domain/GrossMass.scala, 39, false, 66, 74, 295, 18, 462
1, app/derivable/DeriveNumberOfItems.scala, 38, false, 34, 48, 102, 7, 184
2, app/forms/addItems/traderDetails/TraderDetailsConsigneeEoriNumberFormProvider.scala, 38, false, 32, 44, 60, 11, 289
6, app/forms/AccessCodeFormProvider.scala, 38, false, 37, 62, 95, 15, 395
2, app/forms/RepresentativeCapacityFormProvider.scala, 37, false, 33, 40, 61, 11, 297
1, app/pages/CustomsApprovedLocationPage.scala, 36, false, 31, 30, 87, 6, 167
4, app/pages/AddIdAtDeparturePage.scala, 36, false, 36, 67, 122, 13, 361
7, app/pages/SealsInformationPage.scala, 36, false, 30, 27, 87, 5, 139
5, app/pages/ConsignorNamePage.scala, 34, false, 31, 30, 87, 6, 176
6, app/forms/PrincipalNameFormProvider.scala, 34, false, 37, 62, 95, 17, 500
7, app/pages/ContainersUsedPage.scala, 34, false, 31, 30, 87, 6, 176
0, app/forms/IsConsignorEoriKnownFormProvider.scala, 33, false, 32, 36, 53, 10, 303
4, app/models/messages/trader/Trader.scala, 33, false, 42, 40, 70, 11, 333
7, app/pages/AddSealsPage.scala, 33, false, 31, 30, 87, 6, 182
2, app/pages/ModeAtBorderPage.scala, 32, false, 31, 30, 87, 6, 188
3, app/forms/ConfirmRemoveOfficeOfTransitFormProvider.scala, 32, false, 32, 36, 53, 10, 313
3, app/pages/OtherReferencePage.scala, 32, false, 31, 30, 87, 6, 188
4, app/pages/WhatIsConsigneeEoriPage.scala, 32, false, 31, 30, 87, 6, 188
5, app/connectors/package.scala, 32, false, 37, 49, 56, 8, 250
6, app/pages/Page.scala, 32, false, 32, 25, 29, 7, 219
7, app/forms/DefaultAmountFormProvider.scala, 32, false, 32, 36, 53, 10, 313
2, app/forms/OfficeOfDepartureFormProvider.scala, 31, false, 39, 83, 98, 14, 452
3, app/pages/DestinationCountryPage.scala, 31, false, 32, 33, 90, 7, 226
2, app/forms/ChangeAtBorderFormProvider.scala, 30, false, 32, 36, 53, 10, 333
2, app/forms/AddMarkFormProvider.scala, 30, false, 32, 36, 53, 10, 333
7, app/pages/LiabilityAmountPage.scala, 29, false, 36, 70, 127, 13, 448
7, app/models/messages/package.scala, 29, false, 33, 36, 43, 6, 207
1, app/pages/NationalityAtDeparturePage.scala, 27, false, 32, 33, 90, 7, 259
3, app/pages/ConsigneeForAllItemsPage.scala, 27, false, 31, 30, 87, 6, 222
6, app/forms/IsPrincipalEoriKnownFormProvider.scala, 27, false, 32, 36, 53, 10, 370
6, app/forms/ProcedureTypeFormProvider.scala, 27, false, 33, 40, 61, 11, 407
6, app/pages/ConfirmRemoveSealPage.scala, 27, false, 35, 14, 136, 2, 74
2, app/queries/Query.scala, 26, false, 41, 52, 51, 12, 462
3, app/forms/DeclareNumberOfPackagesFormProvider.scala, 26, false, 32, 36, 53, 10, 385
4, app/pages/AddIdAtDepartureLaterPage.scala, 26, false, 28, 14, 70, 2, 77
5, app/models/messages/package.scala, 26, false, 33, 36, 43, 6, 231
0, app/forms/AddSealsFormProvider.scala, 25, false, 32, 36, 53, 10, 400
0, app/forms/DeclareMarkFormProvider.scala, 25, false, 32, 42, 58, 11, 440
1, app/models/messages/goodsitem/Containers.scala, 25, false, 34, 28, 42, 7, 280
2, app/forms/addItems/traderDetails/TraderDetailsConsigneeEoriKnownFormProvider.scala, 25, false, 32, 38, 55, 10, 400
4, app/connectors/package.scala, 25, false, 37, 49, 56, 8, 320
6, app/forms/LocalReferenceNumberFormProvider.scala, 25, false, 33, 40, 53, 11, 440
6, app/forms/addItems/AddAnotherItemFormProvider.scala, 25, false, 31, 30, 51, 9, 360
2, app/forms/addItems/traderDetails/TraderDetailsConsignorNameFormProvider.scala, 24, false, 32, 44, 60, 11, 458
3, app/models/messages/package.scala, 24, false, 33, 36, 43, 6, 250
6, app/forms/AddAnotherPackageFormProvider.scala, 24, false, 32, 36, 53, 10, 417
7, app/services/DateTimeService.scala, 24, false, 36, 45, 49, 13, 542
0, app/pages/ConsigneeNamePage.scala, 22, false, 31, 30, 87, 6, 273
0, app/models/messages/package.scala, 22, false, 33, 36, 43, 6, 273
3, app/forms/ArrivalTimesAtOfficeFormProvider.scala, 22, false, 34, 72, 70, 22, 1000
3, app/pages/PrincipalAddressPage.scala, 22, false, 32, 32, 89, 7, 318
6, app/forms/ConsignorForAllItemsFormProvider.scala, 22, false, 32, 36, 53, 10, 455
3, app/pages/OfficeOfDeparturePage.scala, 21, false, 31, 30, 87, 6, 286
3, app/pages/ConsignorEoriPage.scala, 21, false, 31, 30, 87, 6, 286
6, app/forms/IsConsigneeEoriKnownFormProvider.scala, 21, false, 32, 36, 53, 10, 476
7, app/pages/DestinationOfficePage.scala, 21, false, 31, 30, 87, 6, 286
2, target/scala-2.12/routes/main/testOnlyDoNotUseInAppConf/RoutesPrefix.scala, 19, false, 37, 31, 52, 10, 526
2, app/forms/SealsInformationFormProvider.scala, 19, false, 32, 36, 53, 10, 526
3, app/pages/ControlResultDateLimitPage.scala, 19, false, 32, 33, 90, 7, 368
1, app/pages/AddTransitOfficePage.scala, 18, false, 31, 30, 87, 6, 333
2, target/scala-2.12/routes/main/com/kenshoo/play/metrics/ReverseRoutes.scala, 17, false, 35, 62, 67, 13, 765
3, app/pages/IdAtDeparturePage.scala, 17, false, 31, 30, 87, 6, 353
6, app/pages/DefaultAmountPage.scala, 17, false, 31, 30, 87, 6, 353
2, app/forms/IdAtDepartureFormProvider.scala, 16, false, 37, 62, 95, 17, 1063
3, app/pages/guaranteeDetails/GuaranteeReferencePage.scala, 16, false, 32, 33, 91, 7, 438
3, app/pages/RepresentativeCapacityPage.scala, 16, false, 32, 32, 89, 7, 438
3, app/pages/RepresentativeNamePage.scala, 15, false, 31, 30, 87, 6, 400
5, app/pages/AccessCodePage.scala, 15, false, 31, 30, 87, 6, 400
3, app/pages/WhatIsPrincipalEoriPage.scala, 14, false, 31, 30, 87, 6, 429
6, app/pages/ConsignorForAllItemsPage.scala, 14, false, 31, 30, 87, 6, 429
3, app/pages/addItems/ConfirmRemoveItemPage.scala, 13, false, 32, 33, 91, 7, 538
2, app/models/messages/package.scala, 10, false, 33, 36, 43, 6, 600
4, app/models/messages/package.scala, 10, false, 33, 36, 43, 6, 600
6, app/models/WithName.scala, 8, false, 32, 20, 28, 4, 500
2, app/queries/Constants.scala, 7, false, 40, 29, 56, 9, 1286
3, app/pages/QuestionPage.scala, 5, false, 30, 17, 12, 3, 600
2, app/derivable/Derivable.scala, 4, false, 32, 25, 15, 5, 1250
